incidentType,incidentSubType,reportDescription,name,phoneNumber,dateAndTime,landmark,address
Accident,Vehicular accident,"Urgent! Car Vs. Motorcycle crash at Main St. Corner Oak Ave. Injuries reported, need immediate medical assistance.",Lorna Reyes,9182345678,2024/01/15 8:30:15,SM City Batangas,"Pastor Village, Brgy. Pallocan West, Batangas City, Batangas"
Accident,Vehicular accident,Naku! May Nagbanggaan pong dalawang sasakyan dito sa intersection ng Rizal at Bonifacio St. Mukhang malakas ang tama.,Ricardo Santos,9278765432,2024/01/20 14:15:05,Batangas City Hall,"P. Burgos Street, Brgy. 15, Poblacion, Batangas City, Batangas"
Accident,Vehicular accident,"Grabe! Nagkabanggaan Yung jeepney at bus dito sa may flyover. Traffic na po, mukhang may injured.",Maria Cruz,9051122334,2024/01/25 10:05:22,Plaza Mabini,"Rizal Avenue, Brgy. 12, Poblacion, Batangas City, Batangas"
Accident,Household accident,"Need assistance, someone took a bad fall down the stairs. They seem hurt and can't get up.",Jose Dela Cruz,9987654321,2024/02/01 16:45:30,Batangas Provincial Capitol Building,"Capitol Site, Brgy. Kumintang Ibaba, Batangas City, Batangas"
Accident,Household accident,"Tulungan nyo po kami! Nahulog Yung kasama namin sa banyo, hindi makatayo! Masakit Daw ang likod.",Elena Garcia,9173344556,2024/02/05 9:20:45,Basilica de la Immaculada Concepcion,"M.H. Del Pilar Street, Brgy. 5, Poblacion, Batangas City, Batangas"
Accident,Household accident,Help po! May Nasusunog sa kitchen namin! Maliit Pa lang yung fire pero need na ng tulong! Baka Lumaki.,Ramon Mendoza,9204455667,2024/02/10 11:00:10,Batangas State University Main Campus I,"Rizal Avenue Extension, Brgy. Poblacion, Batangas City, Batangas"
Accident,Workplace accident,Reporting an injury at the warehouse - a worker's hand got caught in the conveyor belt. Needs medical attention ASAP.,Teresita Gomez,9395566778,2024/02/15 13:35:50,Batangas State University Alangilan Campus,"Golden Country Homes, Brgy. Alangilan, Batangas City, Batangas"
Accident,Workplace accident,"May naaksidente po sa construction site sa kanto, mukhang nahulugan ng debris yung worker. Dumudugo po.",Antonio Navarro,9476677889,2024/02/20 17:10:00,University of Batangas,"Hilltop, Brgy. Kumintang Ibaba, Batangas City, Batangas"
Accident,Workplace accident,Emergency! May Naaksidente pong worker dito sa factory while using the cutting machine. Medyo malala yung tama niya.,Isabel Torres,9167788990,2024/02/25 7:55:18,Lyceum of the Philippines University - Batangas,"Capitol Site, Brgy. Kumintang Ibaba, Batangas City, Batangas"
Conflict,Family or neighbor disputes,"Requesting assistance for a disturbance. Loud shouting and banging from Apt 3B, sounds like things are breaking.",Felipe Ocampo,9288899001,2024/03/01 19:00:25,Batangas City Grand Terminal,"Diversion Road, Brgy. Balagtas, Batangas City, Batangas"
Conflict,Family or neighbor disputes,"Pakirespondehan po, grabe yung away ng magkapitbahay dito sa Blk 5 Lot 10. Rinig na rinig ang sigawan, baka magkasakitan.",Cristina Ramos,9069900112,2024/03/05 6:40:33,Batangas International Port,"Santa Clara Road, Brgy. Santa Clara, Batangas City, Batangas"
Conflict,Family or neighbor disputes,"Nakakaistorbo na po yung away ng neighbors ko sa unit sa taas. Sobrang lakas ng sigawan at kalabog, baka ano pang mangyari.",Arturo Jimenez,9190011223,2024/03/10 21:30:40,Batangas City Sports Coliseum,"Bonifacio Street, Brgy. Cuta, Batangas City, Batangas"
Conflict,Road rage,"Road rage incident on EDSA northbound near Ortigas exit. Two drivers out of their cars, yelling aggressively, blocking traffic.",Norma Aquino,9211122334,2024/03/15 15:15:55,Laurel Park,"P. Zamora Street, Brgy. Poblacion, Batangas City, Batangas"
Conflict,Road rage,"May dalawang driver po na nag-aaway sa gitna ng kalsada sa C5, nagmumurahan at halos magsuntukan na dahil sa gitgitan.",Benigno Salazar,9322233445,2024/03/20 12:05:12,Nuciti Central Mall,"P. Burgos Street, Brgy. 17, Poblacion, Batangas City, Batangas"
Conflict,Road rage,"Paki-check po dito sa service road, may dalawang driver na nagtatalo after mag-almost crash. Nakaharang sila sa daan.",Anita Mercado,9433344556,2024/03/25 18:20:19,Xentro Mall Batangas,"Diversion Road, Brgy. Bolbok, Batangas City, Batangas"
Conflict,Land or property conflict,Reporting a property boundary dispute between two neighbors at 123 Sampaguita St. Requesting barangay mediation.,Cesar Gonzales,9154455667,2024/04/01 9:50:27,Most Holy Trinity Parish Church,"Laurel Avenue, Brgy. Pallocan West, Batangas City, Batangas"
Conflict,Land or property conflict,"Report lang po tungkol sa away sa lupa dito sa Brgy. San Isidro. Yung magkatabing lote, pinag-aagawan yung hangganan.",Violeta David,9255566778,2024/04/05 10:30:35,Jesus of Nazareth Hospital,"P. Herrera Street, Brgy. Poblacion, Batangas City, Batangas"
Conflict,Land or property conflict,Reporting lang po regarding sa land dispute dito sa may creek side. May two parties na nag-aaway about sa boundaries ng property nila.,Renato Fernandez,9086677889,2024/04/10 14:00:48,Batangas Medical Center (batmc),"Bihi Road, Brgy. Kumintang Ibaba, Batangas City, Batangas"
Conflict,Armed conflict,Urgent: Multiple gunshots heard near the market area. Sounds very close. Requesting immediate police presence.,Gloria Sebastian,9997788990,2024/04/15 11:10:02,St. Bridget College,"M.H. Del Pilar Street, Brgy. Poblacion, Batangas City, Batangas"
Conflict,Armed conflict,"May putukan po dito malapit sa eskwelahan! Sunod-Sunod! Pulis Po, pakidalian! Nakakatakot Po dito.",Eduardo Castro,9108899001,2024/04/20 16:55:11,Batangas National High School,"Rizal Avenue, Brgy. Poblacion, Batangas City, Batangas"
Conflict,Armed conflict,Alert! Parang May putukan kaming naririnig somewhere near the plaza. Di kami sure pero sounds like gunshots talaga.,Angelita Villanueva,9299900112,2024/04/25 8:05:20,SM Hypermarket Batangas,"Diversion Road, Brgy. Balagtas, Batangas City, Batangas"
Crime,Property crimes,"Reporting a car break-in at the SM City Batangas parking lot. My passenger side window was smashed, and my laptop bag was stolen from the backseat sometime this afternoon.",Francisco Manuel,9300011223,2024/05/01 13:40:29,Brgy. Alangilan Hall,"Sitio Santolan, Brgy. Alangilan, Batangas City, Batangas"
Crime,Property crimes,"Nilooban po kami kagabi! Pag Gising namin, bukas na yung bintana sa kusina. Nawawala po yung TV namin at ilang mga gamit sa sala. Pagnanakaw po ito, pakipuntahan po kami dito sa Brgy. Cuta.",Lourdes Pascual,9411122334,2024/05/05 17:25:38,Brgy. Cuta Hall,"Sports Coliseum Area, Brgy. Cuta, Batangas City, Batangas"
Crime,Property crimes,"Naku, nadukutan yata ako sa Divisoria kanina! Pag-Check ko, wala na yung wallet ko sa bag ko. Ang dami kasing tao kanina. Sayang yung laman.",Miguel De Leon,9522233445,2024/05/10 7:00:47,Balagtas Rotunda,"Diversion Road corner Startoll Exit, Brgy. Balagtas, Batangas City, Batangas"
Crime,Violent crimes,"Witnessing a serious assault right now near the bus stop on Mabini St.! A Man is relentlessly punching and kicking another man who is already down. The victim is bleeding, please send police immediately!",Emilia Bautista,9633344556,2024/05/15 20:10:56,Diversion Road junction (Bolbok),"Xentro Mall Area, Diversion Road, Brgy. Bolbok, Batangas City, Batangas"
Crime,Violent crimes,"Tulong! May Nag-aaway po dito sa kanto ng Rizal at Zamora! Yung Isa po pinagtutulungan, bugbog sarado na po! Kailangan Po ng pulis, baka mapatay po!",Rolando Enriquez,9744455667,2024/05/20 10:45:04,Pontefino Hotel,"Pastor Village, Brgy. Gulod Labac, Batangas City, Batangas"
Crime,Violent crimes,"Grabe! May Suntukan dito sa labas ng Midnight Bar! Yung Isang guy, pinagsusuntok sa mukha ng isa pa! Ang Lakas, baka ma-knock out! Violent Fight po!",Corazon Ignacio,9855566778,2024/05/25 14:20:13,Old Public Market,"P. Gomez Street, Brgy. Poblacion, Batangas City, Batangas"
Crime,Cybercrime,"Received a suspicious email claiming to be from BDO, asking for my online banking password to 'verify my account'. Looks like a clear phishing attempt. I deleted it without clicking any links.",Jaime Alfonso,9966677889,2024/06/01 11:50:22,New Public Market,"Magsaysay Drive, Brgy. Cuta, Batangas City, Batangas"
Crime,Cybercrime,"Tulungan nyo po ako, mukhang na-scam ako sa Facebook Marketplace. Nagpadala ako ng payment via gcash para sa cellphone, pero blinock na ako ng seller. Ano po pwede kong gawin?",Milagros Serrano,9127788990,2024/06/05 16:35:31,BPI P. Burgos Branch,"P. Burgos Street, Brgy. Poblacion, Batangas City, Batangas"
Crime,Cybercrime,Help po! Yung Shopee Account ko na-hack! May Nag-order gamit account ko papunta sa ibang address! Pinalitan Din yung mobile number ko. Paano 'to?,Gregorio Chavez,9238899001,2024/06/10 9:00:40,Mercury Drug P. Burgos,"P. Burgos Street, Brgy. Poblacion, Batangas City, Batangas"
Crime,Kidnapping,"URGENT! Just Witnessed a possible kidnapping near Batangas National High School! A Young woman was screaming while being forced into a silver Toyota Vios, plate number ending in 123. They sped off towards the STAR Tollway!",Soledad Perez,9349900112,2024/06/15 12:40:49,Jollibee SM Batangas,"SM City Batangas, Brgy. Pallocan West, Batangas City, Batangas"
Crime,Kidnapping,"Diyos ko po! May Babae pong kinaladkad pasakay sa isang itim na van dito sa tapat ng Basilica de San Martin de Tours! Nagsisigaw Po siya ng tulong! Ang Bilis po ng takbo, hindi ko nakuha yung plaka! Kidnapping Po ito!",Rodolfo Medina,9450011223,2024/06/20 18:15:58,McDonald's Plaza Mabini,"Rizal Avenue, Brgy. Poblacion, Batangas City, Batangas"
Crime,Kidnapping,"Nakita ko po may batang hinila papasok ng kotse! Nagpupumiglas Siya pero tinakpan bibig! Ang Bilis ng pangyayari! Kidnapping Po yata ito, please check!",Beatriz Marcelo,9561122334,2024/06/25 7:30:07,Shell Gas Station Alangilan,"National Road, Brgy. Alangilan, Batangas City, Batangas"
Crime,Illegal drug activity,"Reporting suspected drug activity at the basketball court in Brgy. Alangilan. Several individuals are gathering there every night, exchanging small packets discreetly.",Alfredo De Guzman,9672233445,2024/07/01 21:05:16,Petron Gas Station Balagtas,"Diversion Road, Brgy. Balagtas, Batangas City, Batangas"
Crime,Illegal drug activity,May mga kahina-hinala pong grupo ng kabataan na laging nakatambay sa madilim na eskinita dito sa may Pallocan West. May nag-aabutan po ng maliliit na supot tapos may bayaran. Mukhang bentahan po ng droga.,Rosario Adriano,9783344556,2024/07/05 15:50:25,Landbank Batangas Branch,"P. Panganiban Street, Brgy. Poblacion, Batangas City, Batangas"
Crime,Illegal drug activity,May nakita akong nagpapalitan ng something sa loob ng tricycle kanina. Small plastic sachet kapalit ng pera. Mukhang drug deal po. Suspicious.,Guillermo Samson,9894455667,2024/07/10 10:25:34,Puregold Batangas,"Aguinaldo Highway, Brgy. Pallocan West, Batangas City, Batangas"
Crime,Illegal gambling,"Reporting ongoing mahjong at house number 143 on Sampaguita Street. It happens almost every night, very noisy, and large amounts of money are involved.",Josefina Abad,9905566778,2024/07/15 13:00:43,Calumpang Bridge,"Calumpang Bridge, Brgy. Poblacion, Batangas City, Batangas"
Crime,Illegal gambling,May nagto-tong-its po dito sa may gilid ng tindahan ni Aling Nena sa Brgy. Libjo. Malakasan po ang pustahan at sobrang ingay hanggang gabi.,Teodoro Velasco,9186677889,2024/07/20 17:40:52,Teacher's Conference Center,"Ramos Avenue, Brgy. Cuta, Batangas City, Batangas"
Crime,Illegal gambling,"Dito sa may vacant lot sa likod ng palengke, may sabong (cockfighting). Ang daming tao, sigawan, tapos may pustahan talaga.",Alicia Morales,9277788990,2024/07/25 8:10:01,Metrobank Kumintang Branch,"Quezon Avenue, Brgy. Kumintang Ilaya, Batangas City, Batangas"
Crime,Illegal possession of firearms,Concerned reporting: Saw a man in civilian clothes arguing loudly at the Batangas City Public Market entrance with what looked like a handgun tucked into his pants. Causing public alarm. Request police check.,Roberto Sandoval,9398899001,2024/08/01 19:30:10,Waltermart Batangas,"New Public Market Area, Brgy. Cuta, Batangas City, Batangas"
Crime,Illegal possession of firearms,"May lasing po dito sa kanto ng P. Burgos at D. Silang na nagwawala at may pinapakitang baril na nakasukbit sa baywang. Hindi po siya pulis. Delikado po, baka makabaril. Pakipuntahan po.",Leonora Alvarez,9489900112,2024/08/05 6:55:19,Golden Gate Colleges,"Malvar Road, Brgy. Poblacion, Batangas City, Batangas"
Crime,Illegal possession of firearms,"May nakita akong lalaki na may baril sa bewang, parang tinatago niya sa ilalim ng T-shirt. Di naman mukhang police.",Victorino Domingo,9580011223,2024/08/10 22:10:28,Toyota Batangas City,"Diversion Road, Brgy. Balagtas, Batangas City, Batangas"
Hazard,Electrical hazard,DANGER! Live Wire down on Evangelista Street near the lamp post # 112! It's Sparking intermittently and smells like burning plastic. Keep people away!,Adelaida Ferrer,9691122334,2024/08/15 15:35:37,Our Lady of Mt. Carmel Chapel (Port),"Batangas Port Area, Brgy. Sta. Clara, Batangas City, Batangas"
Hazard,Electrical hazard,"Delikado po! Yung Kawad ng kuryente sa poste dito sa tapat ng bahay #45 sa Brgy. Sta. Clara ay bumagsak at nag-i-spark! Amoy sunog na po! Paki-aksyunan po agad, baka may makuryente!",Gerardo Imperial,9702233445,2024/08/20 12:15:46,Caedo Commercial Center,"P. Burgos Street, Brgy. Poblacion, Batangas City, Batangas"
Hazard,Electrical hazard,"Yung poste dito sa kanto ng Acacia at Narra, yung mga wires nag-spark ng malakas kanina! Tapos Parang umusok.",Estrella Lopez,9813344556,2024/08/25 18:55:55,Johanna's Grille,"Diversion Road, Brgy. Bolbok, Batangas City, Batangas"
Hazard,Road hazard,"Reporting a very large and deep pothole located in the middle of the southbound lane of STAR Tollway, just after the Balete exit intersection. Highly dangerous, especially for motorcycles. Needs immediate repair.",Mario Magno,9924455667,2024/09/01 9:10:04,Provincial Engineering Office,"Capitol Site, Brgy. Kumintang Ibaba, Batangas City, Batangas"
Hazard,Road hazard,"Grabe po yung lubak dito sa provincial road papuntang Lobo! Halos Hindi na maiwasan, ang lalim! Baka Po may maaksidente dito.",Clara Narciso,9135566778,2024/09/05 10:40:13,Brgy. Gulod Labac Health Center,"Agoncillo Road, Brgy. Gulod Labac, Batangas City, Batangas"
Hazard,Road hazard,Ang laki ng bitak sa kalsada dito sa Villa Angela subdivision namin. Pwedeng ikasira ng gulong. Very dangerous lalo pag gabi. ,Pedro Quizon,9246677889,2024/09/10 14:55:22,AMA Computer College Batangas,"National Road, Brgy. Kumintang Ilaya, Batangas City, Batangas"
Hazard,Animal hazard,"Warning: An aggressive-looking stray dog, possibly rabid, is roaming near Bolbok Elementary School, growling at children. Poses a serious biting risk. Animal Control needed.",Silvia Roxas,9357788990,2024/09/15 11:20:31,Old Batangas City Library,"P. Herrera Street, Brgy. Poblacion, Batangas City, Batangas"
Hazard,Animal hazard,"May malaking aso po dito sa Brgy. Kumintang Ilaya na nakawala yata, nangangagat po ng mga dumadaan! Nakagat Na po yung kapitbahay namin kanina! Paki-Respondehan po!",Tomas Umali,9468899001,2024/09/20 16:00:40,Honda Cars Batangas,"Diversion Road, Brgy. Balagtas, Batangas City, Batangas"
Hazard,Animal hazard,"May mga baka pong tumawid sa highway malapit sa San Pascual kanina! Biglang Sulpot lang. Grabe traffic na-cause, very dangerous. Animal hazard po.",Yolanda Valerio,9579900112,2024/09/25 8:45:49,Days Hotel by Wyndham Batangas,"Pastor Village, Brgy. Pallocan West, Batangas City, Batangas"
Hazard,Falling objects,"Caution! Debris, Including small tools and pieces of wood, are falling from the construction site at the new SMDC condo near Diversion Road. Almost got hit walking by. Hazard to pedestrians!",Zenaida Zamora,9680011223,2024/10/01 13:10:58,Brgy. Sta. Clara Covered Court,"Roxas Street, Brgy. Sta. Clara, Batangas City, Batangas"
Hazard,Falling objects,May nahuhulog pong mga yero at bakal mula sa ginagawang building dito sa P. Burgos Street! Delikado Po sa mga tao sa baba!,Alberto Bautista,9791122334,2024/10/05 17:05:07,Figaro Coffee Company Pallocan,"Ilagan Avenue, Brgy. Pallocan West, Batangas City, Batangas"
Hazard,Falling objects,"May nahulog na hollow block kanina from the building construction sa may Caedo Commercial Center! Buti Walang natamaan! Falling Objects hazard po ito, super dangerous!",Consuelo Castillo,9802233445,2024/10/10 7:20:16,Starbucks Coffee Lipa-Batangas Road,"Diversion Road, Brgy. Bolbok, Batangas City, Batangas"
Hazard,Pest infestations,"Reporting a severe cockroach infestation in apartment building Dona Marta Apartments. They are everywhere, coming out of drains and walls. Unsanitary conditions, needs urgent pest control.",Danilo Dizon,9913344556,2024/10/15 20:40:25,BDO Calicanto Branch,"National Road, Brgy. Calicanto, Batangas City, Batangas"
Hazard,Pest infestations,"Sobra pong dami ng daga dito sa lugar namin sa Brgy. Pallocan East, lalo na malapit sa basurahan. Pumapasok na po sa mga bahay.",Erlinda Espino,9114455667,2024/10/20 10:00:34,Batangas City Convention Center,"Coliseum Area, Brgy. Cuta, Batangas City, Batangas"
Hazard,Pest infestations,"Grabe yung mga langgam dito sa bahay, ang dami! Kahit Saan meron. Tapos may surot pa yata sa kama. Help!",Federico Franco,9225566778,2024/10/25 14:30:43,Jollibee Alangilan,"National Road, Brgy. Alangilan, Batangas City, Batangas"
Medical Help,Medical emergency,"MEDICAL EMERGENCY! In Front of Mercury Drug P. Burgos branch! Person collapsed, unresponsive, turning blue! Performing CPR now but need ambulance URGENTLY! Possible cardiac arrest!",Gabriela Gallardo,9336677889,2024/10/30 11:00:52,Development Bank of the Philippines,"Kalaw Road, Brgy. Kumintang Ibaba, Batangas City, Batangas"
Medical Help,Medical emergency,TULONG PO! May Hinimatay dito sa Batangas City Public Market! Hindi Po gumigising at parang hirap huminga! Kailangan Po ng ambulansya NGAYON NA! Emergency Po ito!,Renato Ocampo,9182345678,2025/03/15 10:30:00,Plaza Mabini,"Rizal Avenue, Brgy. Poblacion, Batangas City, Batangas"
Medical Help,Medical emergency,Emergency! May Nahulog na matanda dito sa hagdan ng Batangas City Hall! Walang Malay! Hindi Namin alam gagawin! Send Ambulance ASAP po!,Lorna Garcia,9278765432,2024/11/22 14:15:30,Batangas City Basilica,"Plaza Mabini Area, Brgy. Poblacion, Batangas City, Batangas"
Medical Help,Injury,"Serious injury reported at the construction site on Diversion Road. Worker fell from scaffolding, possible broken leg or back injury. Bleeding from the head too. Needs immediate medical transport!",Danilo Reyes,9051122334,2026/01/08 9:05:10,SM City Batangas,"Lorenzo Drive, Brgy. Pallocan West, Batangas City, Batangas"
Medical Help,Injury,"Nadulas po yung bata sa banyo, tumama yung ulo! Dumudugo Po at nagsusuka! Kailangan Po madala sa ospital agad dito sa Batangas Medical Center!",Marissa Ramos,9985551212,2024/07/30 18:45:00,Batangas Provincial Capitol,"Capitol Site, Brgy. Kumintang Ibaba, Batangas City, Batangas"
Medical Help,Injury,"Naaksidente po sa motor dito sa kanto ng National Road at access road papuntang Bolbok! Yung Driver may sugat sa braso at paa, dumudugo. Needs first aid and check-up po.",Eduardo Santos,9179876543,2025/08/11 11:00:45,Batangas State University Main I,"Rizal Avenue Extension, Brgy. Poblacion, Batangas City, Batangas"
Medical Help,Medical assistance,"Found an elderly woman wandering near Plaza Mabini, seems very confused and possibly dehydrated. Doesn't know her name or where she lives. Needs assistance finding her family or getting medical check.",Gloria Flores,9253344556,2024/12/01 16:20:05,Batangas Port,"Castillo Avenue, Brgy. Sta. Clara, Batangas City, Batangas"
Medical Help,Medical assistance,"May matanda po dito na nakaupo lang sa bangketa sa harap ng BPI P. Burgos, mukhang gutom at pagod na. Kanina pa po siya dito, parang naliligaw. Pwede po bang tulungan? ",Ricardo Gonzales,9087766554,2026/05/20 7:55:55,University of Batangas,"Hilltop, Brgy. Kumintang Ibaba, Batangas City, Batangas"
Medical Help,Medical assistance,"May lola dito sa Jollibee SM Batangas, mag-isa lang. Parang umiiyak kanina. Feeling ko she needs help or may problema. Paki-approach po.",Celia Mendoza,9391239876,2025/02/14 13:10:20,Laurel Park,"Yulo Road, Brgy. Poblacion, Batangas City, Batangas"
Natural Disaster,Flood,Severe flooding in Brgy. Wawa! Water Is already chest-deep in some areas near the river. Many residents trapped on rooftops. Urgent rescue and relief needed! ,Fernando Bautista,9158877665,2024/09/05 20:00:00,Nuciti Central Mall,"P. Burgos Street, Brgy. Poblacion, Batangas City, Batangas"
Natural Disaster,Flood,Lubog na po sa baha ang buong Purok 3 sa Brgy. Calicanto! Hanggang Leeg na po ang tubig! Hindi Na po kami makaalis sa bahay! Kailangan Na po namin ng rescue!,Lydia Ocampo,9224455667,2025/10/28 15:35:15,Calumpang Bridge,"Calumpang Bridge Area, Brgy. Poblacion, Batangas City, Batangas"
Natural Disaster,Flood,Lagpas tao na po yung baha dito sa amin near the Calumpang River! Yung Mga gamit namin lumulutang na! Need Rescue boat!,Arturo Fernandez,9069988776,2026/03/03 8:30:30,Near SM City Batangas,"Jacinto Street, Brgy. Pallocan West, Batangas City, Batangas"
Natural Disaster,Storm surge,"Coastal inundation! Storm Surge has breached the dike at Sitio Aroma, Brgy. Wawa! Seawater Rushing inland, flooding homes and roads. Extremely dangerous waves!",Nelia Cruz,9475566778,2024/06/12 12:00:00,Batangas City Basilica,"M.H. Del Pilar Street, Brgy. Poblacion, Batangas City, Batangas"
Natural Disaster,Storm surge,Pinapasok na po ng tubig dagat yung mga bahay dito sa tabing dagat sa Brgy. Malitam! Ang Lalakas po ng hampas ng alon! Sira Na po yung ibang bangka!,Manuel Lopez,9191122334,2025/11/09 17:40:50,Batangas Provincial Capitol,"Capitol Drive, Brgy. Kumintang Ibaba, Batangas City, Batangas"
Natural Disaster,Storm surge,"Yung dagat, umabot na sa kalsada dito sa may Batangas City Baywalk! Ang Taas ng waves! People Are leaving na!",Erlinda Perez,9287654321,2026/07/18 10:10:10,Batangas State University Main I,"Alangilan Campus Access Road, Brgy. Alangilan, Batangas City, Batangas"
Natural Disaster,Landslide,"Massive landslide occurred along the highway at Kilometer 88, Brgy. Talumpok West! Road Is completely impassable",Ramon Castillo,9073344556,2024/10/15 19:25:35,Batangas Port Area,"Access Road, Brgy. Sta. Clara, Batangas City, Batangas"
Natural Disaster,Landslide,"Gumuho po yung lupa sa gilid ng bundok, natabunan po yung ilang bahay sa Sitio Ilaya, Brgy. San Jose Sico! May Mga tao pa po yata sa loob! Kailangan Po ng heavy equipment at rescue! Landslide!",Anita Villanueva,9359876543,2025/04/01 14:50:00,University of Batangas,"UB Drive, Hilltop, Brgy. Kumintang Ibaba, Batangas City, Batangas"
Natural Disaster,Landslide,"May landslide po sa may zigzag road papuntang Laiya! Yung Lupa at mga bato, harang sa daan. Hindi po makakadaan mga sasakyan",Ernesto Rivera,9168877665,2026/09/25 6:45:45,Plaza Mabini Fountain,"Sison Street, Brgy. Poblacion, Batangas City, Batangas"
Natural Disaster,Earthquake,Very strong earthquake just hit! Intensity 6 Felt here in Batangas City proper. Violent shaking.,Violeta Aquino,9214455667,2024/08/08 11:30:15,Bay City Mall,"P. Burgos Street, Brgy. 1, Batangas City, Batangas"
Natural Disaster,Earthquake,"Napakalakas pong lindol! Gumagalaw Po ang lupa, parang duyan! Nagtakbuhan Po kami palabas dito sa Brgy. Poblacion! May mga nabasag po sa loob ng bahay!",Gregorio Castro,9099988776,2025/12/24 21:00:00,Most Holy Trinity Parish,"Paterno Avenue, Brgy. Pallocan West, Batangas City, Batangas"
Natural Disaster,Earthquake,Grabe yung lindol kanina! Ang Tagal at ang lakas ng shake! Nahulog Yung TV namin! May Aftershocks pa kaya?,Imelda Navarro,9465566778,2026/02/28 16:05:25,St. Bridget College,"M.H. Del Pilar Street, Brgy. Poblacion, Batangas City, Batangas"
Natural Disaster,Volcanic activities,"Alert Level 3 raised for Taal Volcano! Increased Steaming, ash emission visible from Batangas City. Ashfall now reaching our town.",Jaime Guzman,9101122334,2024/11/11 9:55:55,SM City Batangas Entrance,"Lacson Boulevard, Brgy. Pallocan West, Batangas City, Batangas"
Natural Disaster,Volcanic activities,Malakas na po ang pagbuga ng abo ng Bulkang Taal! Makapal Na po ang ashfall dito sa amin sa Cuenca. May mga pagyanig din pong nararamdaman. Paki-update po kami sa alert level! ,Milagros Mercado,9267654321,2025/06/06 13:40:40,Provincial Capitol Grounds,"Ejercito Drive, Brgy. Kumintang Ibaba, Batangas City, Batangas"
Natural Disaster,Volcanic activities,"May ashfall na dito, medyo makapal na and nangangati kami. Amoy sulfur pa. Volcanic activity po ito. Ano na po status ng Taal volcano?",Oscar Serrano,9053344556,2026/10/31 17:15:15,BSU Alangilan Campus,"Golden Country Homes, Brgy. Alangilan, Batangas City, Batangas"
Natural Disaster,Tsunami,TSUNAMI IMMINENT! Ocean Water has receded hundreds of meters from the shoreline at Anilao Beach! This Is a critical sign! RUN TO HIGHER GROUND IMMEDIATELY! DO NOT WAIT! TSUNAMI!,Teresita Torres,9389876543,2024/07/04 10:00:00,Batangas Port Terminal 3,"Seaside Area, Brgy. Sta. Clara, Batangas City, Batangas"
Natural Disaster,Tsunami,"ALERT! ALERT! Biglang Umatras ang dagat dito sa Brgy. San Agustin, Bauan! Malayo po ang inatras! Senyales po ng Tsunami! Akyat na po sa pinakamataas na lugar! BILISAN PO NINYO!",Ruben Vargas,9128877665,2025/01/19 12:30:30,UB High School Dept.,"Hilltop, Brgy. Kumintang Ibaba, Batangas City, Batangas"
Natural Disaster,Tsunami,Nawala yung tubig sa dagat! Ang Layo ng narating! Tsunami Sign daw! Takbo Na tayo pataas! Wag Na mag-picture!,Corazon Diaz,9234455667,2026/04/14 15:55:55,Plaza Mabini Stage,"Luna Road, Brgy. Poblacion, Batangas City, Batangas"
Other,Missing person,"My elderly father with Alzheimer's has been missing since this morning. He wandered off from our home at 123 Rose St., Villa Nenita Subd. He's wearing a blue polo shirt and khaki pants. Please help us find him!",Wilfredo Morales,9079988776,2024/09/20 8:10:10,Nuciti Cinema Entrance,"P. Burgos Street, Brgy. Poblacion, Batangas City, Batangas"
Other,Missing person,Hindi pa po umuuwi ang 15-year-old kong anak na babae mula pa kagabi. Nagpaalam lang na pupunta sa kaibigan sa may SM. Hindi na po macontact. Nag-aalala na po kami ng sobra!,Josefina Santiago,9455566778,2025/07/25 11:45:45,Calumpang River View,"Calumpang Bridge Area, Brgy. Poblacion, Batangas City, Batangas"
Other,Missing person,"Nawawala po yung aso namin, si Brownie. Nakawala sa gate kaninang umaga dito sa Brgy. Sta. Rita. Baka po may nakakita.",Benjamin Romero,9111122334,2026/11/30 14:20:20,SM Hypermarket Batangas,"Mabini Boulevard, Brgy. Pallocan West, Batangas City, Batangas"
Other,Power or water outage,Reporting prolonged power and water outage in Villa Irene Subdivision. It's been over 12 hours now. Requesting an update on the estimated restoration time from BATELEC II / Batangas City Water District.,Leonora Soriano,9297654321,2024/12/25 9:00:00,Batangas Basilica Steps,"Osmena Boulevard, Brgy. Poblacion, Batangas City, Batangas"
Other,Power or water outage,"Maghapon na pong walang kuryente at tubig dito sa Brgy. Balagtas. Sobrang perwisyo na po, lalo na sa gabi. Ano po bang nangyari at kailan babalik?",Domingo Marquez,9063344556,2025/05/01 18:00:00,Capitol Building Entrance,"Zamora Street, Brgy. Kumintang Ibaba, Batangas City, Batangas"
Other,Power or water outage,"Hello po, kailan po babalik yung kuryente at tubig dito sa M.H. Del Pilar Street? Kanina Pa pong umaga wala.",Remedios Alvarez,9369876543,2026/08/15 10:35:35,BSU CIT Building,"Rizal Street, Brgy. Alangilan, Batangas City, Batangas"
Other,Noise complaint,"Requesting immediate action regarding excessive noise from a party at #7 Sunflower St., Camella Homes. Extremely loud music and shouting ongoing past 2 AM. Disturbing the entire neighborhood.",Felipe Enriquez,9138877665,2024/10/01 13:10:10,Batangas Port Gate 1,"Magsaysay Drive, Brgy. Sta. Clara, Batangas City, Batangas"
Other,Noise complaint,"Reklamo po sa sobrang ingay ng videoke ng kapitbahay namin sa House #24, Purok 5, Brgy. Sambat Ilaya. Araw-araw na lang po hanggang madaling araw, hindi kami makapagpahinga! Paki-Saway naman po!",Virginia Salazar,9244455667,2025/03/17 16:40:40,University of Batangas Library,"Hilltop, Brgy. Kumintang Ibaba, Batangas City, Batangas"
Other,Noise complaint,"Ang ingay po ng construction dito sa tapat ng Golden Country Homes gate! Ang Aga mag-umpisa, ang lakas ng martilyo. Pwede po bang paki-check yung working hours nila?",Rodolfo Valencia,9089988776,2026/12/12 19:50:50,Laurel Park Bench,"Aguinaldo Highway, Brgy. Poblacion, Batangas City, Batangas"
Other,Suspicious activity,"Reporting two individuals suspiciously casing houses on Laurel Street. They are walking back and forth slowly, looking over fences. Happened around 10:00 PM. Requesting patrol car check.",Zenaida Jimenez,9485566778,2025/02/02 7:20:20,Bay City Mall Food Court,"P. Burgos Street, Brgy. Poblacion, Batangas City, Batangas"
Other,Suspicious activity,"May mga lalaki pong nakatambay sa tapat ng BPI Pallocan branch dito, parang may inaabangan. Kahina-hinala po ang kilos nila. Baka po may masamang balak. Paki-check po.",Alberto David,9141122334,2024/06/30 11:05:05,Most Holy Trinity Parish Office,"Mabini Boulevard, Brgy. Pallocan West, Batangas City, Batangas"
Other,Suspicious activity,"May van na paikot-ikot dito sa Alangilan subdivision namin, tinted windows. Parang suspicious yung dating. Paki-record po yung plate number kung kaya.",Alicia Manalo,9277654321,2026/01/20 14:44:44,St. Bridget College Gym,"M.H. Del Pilar Street, Brgy. Poblacion, Batangas City, Batangas"
Other,Scam,"Received a call from someone claiming to be from the NBI, saying I have a case and need to pay a fine via gcash to avoid arrest. Sounds like a total scam. Reporting the number 0917-1234567.",Francisco Ignacio,9053344556,2025/09/10 9:15:15,SM Cinema Batangas,"Bonifacio Street, Brgy. Pallocan West, Batangas City, Batangas"
Other,Scam,"May nag-text po na nanalo daw ako sa raffle ng SM Supermalls, pero kailangan ko ibigay yung OTP ko para ma-claim. Mukhang scam po ito! Hindi Ko po binigay.",Beatriz Pineda,9349876543,2024/08/22 17:30:30,Provincial Library,"Capitol Site, Brgy. Kumintang Ibaba, Batangas City, Batangas"
Other,Scam,"May nag-message sa akin sa FB, nagpapanggap na kamag-anak from abroad. Nanghihiram ng pera pang-emergency daw. Feeling ko scam po ito.",Vicente Robles,9158877665,2026/06/18 12:20:20,BSU Engineering Bldg,"Del Pilar Road, Brgy. Alangilan, Batangas City, Batangas"
Other,Other,"A large mango tree branch fell onto the road at Calicanto crossing, partially blocking traffic. Needs clearing. Road obstruction.",Carmelita Abad,9204455667,2025/11/15 15:00:00,Batangas Port Passenger Terminal,"Quezon Avenue, Brgy. Sta. Clara, Batangas City, Batangas"
Other,Other,"May malaking bato po na gumulong galing sa itaas at nakaharang ngayon sa daan papuntang Sitio Tibig, Brgy. Ilijan. Delikado po sa mga dumadaan. Road obstruction.",Rolando Aguilar,9079988776,2024/07/14 20:40:40,UB Admin Building,"Hilltop, Brgy. Kumintang Ibaba, Batangas City, Batangas"
Other,Other,Grabe yung baha dito sa underpass sa STAR Tollway exit after the rain! Hindi Na madaanan ng maliliit na sasakyan. Traffic na. Road issue/obstruction.,Estelita De Leon,9435566778,2026/10/05 8:50:50,Plaza Mabini Monument,"Laurel Avenue, Brgy. Poblacion, Batangas City, Batangas"
Man-made Incident,Fire,"FIRE EMERGENCY! Large Fire engulfing a commercial building near Batangas City Coliseum! Flames Visible from afar, spreading to adjacent structures! Need Multiple fire trucks NOW!",Angelito Evangelista,9161122334,2025/04/21 10:25:25,Nuciti Supermarket,"P. Burgos Street, Brgy. Poblacion, Batangas City, Batangas"
Man-made Incident,Fire,"Sunog po! Nasusunog Po ang isang bodega dito sa Diversion Road! Malaki Na po ang apoy at makapal ang usok! Delikado Po, may mga bahay na malapit! Pakirespondehan Po agad ng bumbero!",Norma Francisco,9217654321,2024/09/30 13:35:35,Calumpang Bridge View Deck,"Poblacion Side, Calumpang Bridge Area, Batangas City, Batangas"
Man-made Incident,Fire,May sunog daw po sa Old Public Market! Kitang-Kita yung usok dito sa amin! Parang Malaki! Need Firetrucks po ASAP!,Edgardo Gomez,9093344556,2026/03/29 16:10:10,SM Dept Store Batangas,"Rizal Street, Brgy. Pallocan West, Batangas City, Batangas"
Man-made Incident,Explosion,"EXPLOSION reported near the Batangas Port area! Heard A massive bang, followed by thick black smoke and tremors. Cause unknown. Requesting emergency services response!",Belen Hernandez,9329876543,2025/08/01 19:00:00,Batangas Basilica Convent,"Luna Road, Brgy. Poblacion, Batangas City, Batangas"
Man-made Incident,Explosion,May malakas na pagsabog po kaming narinig galing sa direksyon ng JG Summit Petrochemical plant! Nayanig Po ang mga bahay namin! May Makapal na itim na usok! Hindi Po namin alam kung ano ang sumabog!,Reynaldo Javier,9178877665,2024/11/27 11:11:11,Provincial Capitol flagpole,"Magsaysay Drive, Brgy. Kumintang Ibaba, Batangas City, Batangas"
Man-made Incident,Explosion,Ang lakas ng explosion kanina! Dito Sa may Brgy. Bolbok! Nayanig kami! Tapos may umusok ng malaki! Nakakatakot! ,Fe Lim,9224455667,2026/07/07 14:55:55,BSU Grandstand,"Aguinaldo Highway, Brgy. Alangilan, Batangas City, Batangas"
Man-made Incident,Chemical or oil spill,"Urgent: Strong, noxious chemical odor emanating from the area near the Shell refinery in Tabangao. Causing eye irritation and difficulty breathing among residents. Suspected chemical leak/spill. Hazmat team needed.",Roberto Macaraig,9069988776,2025/12/31 23:59:59,Batangas Port Admin Bldg,"Mabini Boulevard, Brgy. Sta. Clara, Batangas City, Batangas"
Man-made Incident,Chemical or oil spill,May matapang po kaming naamoy na kemikal dito malapit sa First Gas Power Plant. Masakit po sa ilong at lalamunan. Parang may tumagas po galing sa planta. Chemical spill po yata!,Susan Medina,9475566778,2024/06/01 6:30:30,University of Batangas Gate,"Hilltop, Brgy. Kumintang Ibaba, Batangas City, Batangas"
Man-made Incident,Chemical or oil spill,"May nakita kaming oil spill sa dagat malapit sa Batangas International Port. Kumakalat na po. Paki-check po, mukhang galing sa barko. Chemical/oil spill.",Juanito Ortega,9191122334,2026/09/15 9:40:40,Laurel Park Playground,"Bonifacio Street, Brgy. Poblacion, Batangas City, Batangas"
Man-made Incident,Terrorism,URGENT - BOMB THREAT! Suspicious Unattended backpack left in a crowded area at Plaza Mabini. Requesting immediate police and bomb squad deployment! Secure the perimeter now! ,Teresita Pascual,9287654321,2025/01/01 0:00:01,Bay City Mall Entrance 1,"P. Burgos Street, Brgy. Poblacion, Batangas City, Batangas"
Man-made Incident,Terrorism,BOMBA! May Kahina-hinalang bag na iniwan sa tapat ng Batangas Capitol Building! Bigla Na lang pong umalis yung nag-iwan! Baka Po bomba ito! Pakirespondehan Po agad ng pulis at bomb squad! Delikado Po!,Carlito Quizon,9073344556,2024/10/26 15:20:20,Golden Gate Colleges,"P. Prieto Street, Brgy. Poblacion, Batangas City, Batangas"
Man-made Incident,Terrorism,May threat daw po sa Batangas State University Main Campus! May Suspicious person daw na armado. Nagpa-panic na po mga tao! Need police assistance urgently! ,Miguel Tolentino,9129876543,2026/02/18 17:05:30,Near Diversion Road,"Diversion Road, Brgy. Pallocan West, Batangas City, Batangas"
Accident,Vehicular accident,A car crashed into a motorcycle. There are injuries.,Julius Andrada,9105556666,2025/04/08 2:40:00,Near Batangas Capitol,"P. Burgos Street, Brgy. Poblacion, Batangas City, Batangas"
Accident,Vehicular accident,May dalawang sasakyan na nagbanggaan sa intersection.,Katrina Baltazar,9987778888,2025/04/08 3:55:35,Tapat Ng St. Bridget College,"Del Pilar Road, Brgy. Calicanto, Batangas City, Batangas"
Accident,Vehicular accident,May banggaan po ng jeepney at bus.,Lorenzo Castillo,9229990000,2025/04/08 5:11:10,Malapit Sa Batangas Medical Center,"Quezon Avenue, Brgy. Kumintang Ibaba, Batangas City, Batangas"
Accident,Household accident,Someone fell down the stairs.,Maria Esperanza,9331112222,2025/04/08 6:26:45,In Front of Lyceum of the Philippines University - Batangas,"Zamora Street, Brgy. Pila-Kanluran, Batangas City, Batangas"
Accident,Household accident,Nahulog po siya sa banyo.,Nelson Francisco,9453334444,2025/04/08 7:42:20,Beside the Batangas City Hall,"Silang Drive, Brgy. Poblacion, Batangas City, Batangas"
Accident,Household accident,Nagkaroon ng fire sa kitchen.,Olivia Garcia,9565556666,2025/04/08 8:57:55,Banda Robinson's Place Batangas,"Malvar Road, Brgy. 7, Batangas City, Batangas"
Accident,Workplace accident,A worker got injured.,Paolo Hernandez,9677778888,2025/04/08 10:13:30,Near the Public Market,"Market Avenue, Brgy. Poblacion, Batangas City, Batangas"
Accident,Workplace accident,May nasugatan sa construction site.,Rachel Ignacio,9799990000,2025/04/08 11:29:05,Likod Ng San Sebastian Cathedral,"P. Zamora Street, Brgy. Poblacion, Batangas City, Batangas"
Accident,Workplace accident,Naaksidente po yung worker while nag-ooperate ng machinery.,Samuel Javier,9811112222,2025/04/08 12:44:40,Going to Sm City Batangas,"Diversion Road, Brgy. Balagtas, Batangas City, Batangas"
Conflict,Family or neighbor disputes,There is a loud argument happening next door.,Andres Magno,9181112222,2025/04/09 2:30:15,Near Plaza Mabini,"M.H. Del Pilar Street, Brgy. Poblacion, Batangas City, Batangas"
Conflict,Family or neighbor disputes,"May nag-aaway na magkapitbahay, malakas ang sigawan.",Cecilia Reyes,9993334444,2025/04/09 3:45:50,Tapat Ng Holy Trinity Academy,"Paterno Avenue, Brgy. Calicanto, Batangas City, Batangas"
Conflict,Family or neighbor disputes,"My neighbors are having a fight, sobrang ingay.",Diego Santos,9275556666,2025/04/09 5:01:25,Malapit Sa Batangas State University Main Campus,"Rizal Avenue Extension, Brgy. Poblacion, Batangas City, Batangas"
Conflict,Road rage,Two drivers are yelling at each other after a minor collision.,Elvira Flores,9367778888,2025/04/09 6:17:00,Along National Road Near Citimart,"Roxas Street, Brgy. Pila-Kanluran, Batangas City, Batangas"
Conflict,Road rage,May dalawang driver na nagmumurahan dahil sa banggaan.,Fernando Cruz,9489990000,2025/04/09 7:32:35,Beside the Fire Station,"P. Burgos Street, Brgy. Poblacion, Batangas City, Batangas"
Conflict,Road rage,Two cars almost nagkabanggaan and the drivers are arguing.,Gemma Lopez,9501112222,2025/04/09 8:48:10,In Front of the Batangas Provincial Capitol,"Capitol Site, Brgy. Kumintang Ibaba, Batangas City, Batangas"
Conflict,Land or property conflict,There is a dispute regarding property boundaries.,Henry Magno,9613334444,2025/04/09 10:03:45,Near the Old Train Station,"Market Avenue, Brgy. Poblacion, Batangas City, Batangas"
Conflict,Land or property conflict,May problema sa lupa ang magkakapitbahay.,Isabel Reyes,9725556666,2025/04/09 11:19:20,Likod Ng Public Market,"D. Silang Street, Brgy. Poblacion, Batangas City, Batangas"
Conflict,Land or property conflict,May issue about the land ownership between two parties.,Jorge Santos,9837778888,2025/04/09 12:34:55,Going to Balagtas,"Diversion Road, Brgy. Balagtas, Batangas City, Batangas"
Conflict,Armed conflict,We heard gunshots in the vicinity.,Katrina Flores,9049990000,2025/04/09 13:50:30,Near the Police Station,"Aquino Drive, Brgy. Kumintang Ibaba, Batangas City, Batangas"
Conflict,Armed conflict,May putukan kaming narinig sa lugar na ito.,Lorenzo Cruz,9151112222,2025/04/09 15:06:05,Malapit Sa General Malvar Hospital,"P. Dandan Street, Brgy. Poblacion, Batangas City, Batangas"
Conflict,Armed conflict,Parang may shooting incident dito.,Monica Lopez,9263334444,2025/04/09 16:21:40,Around the Batangas Port,"Ramos Avenue, Brgy. Calicanto, Batangas City, Batangas"
Crime,Property crimes,"My car window was smashed, and some items were stolen from inside. It looks like a case of car break-in.",Nelson Santiago,9194445555,2025/04/09 17:37:15,Near Bpi Batangas Poblacion,"P. Burgos Street, Brgy. Poblacion, Batangas City, Batangas"
Crime,Property crimes,May hindi kilalang tao na pumasok sa bahay namin at may nawawalang gamit. Mukhang pagnanakaw ang nangyari.,Olivia De Guzman,9976667777,2025/04/09 18:52:50,Tapat Ng Batangas City National High School,"Diokno Street, Brgy. Calicanto, Batangas City, Batangas"
Crime,Property crimes,Someone must have picked my pocket kasi nawawala na yung wallet ko. I think it happened sa may crowded area.,Paolo Rivera,9288889999,2025/04/09 20:08:25,Malapit Sa St. Jude Parish Church,"Kalaw Road, Brgy. Kumintang Ibaba, Batangas City, Batangas"
Crime,Violent crimes,I witnessed a man physically assaulting another individual on the street. The situation appeared very dangerous.,Rachel Fernandez,9379990000,2025/04/09 21:24:00,In Front of the Batangas Medical Center,"Lorenzo Drive, Brgy. Pila-Kanluran, Batangas City, Batangas"
Crime,Violent crimes,May nakita akong dalawang tao na nag-aaway at mukhang nananakitan na sila ng isa't isa. Kailangan siguro ng tulong.,Samuel Mercado,9491112222,2025/04/09 22:39:35,Beside the Landbank Batangas City,"Jacinto Street, Brgy. Poblacion, Batangas City, Batangas"
Crime,Violent crimes,I saw a person getting punched in the face by another guy. It looked like a bad fight.,Teresa Aguilar,9503334444,2025/04/09 23:55:10,Banda Ng Robinson's Place Batangas,"Ilagan Avenue, Brgy. 7, Batangas City, Batangas"
Crime,Cybercrime,"I received a suspicious email asking for my personal information, it seems like a phishing attempt. I did not click any links.",Ulysses Castillo,9615556666,2025/04/10 1:10:45,Near the Batangas City Hall,"Rizal Avenue, Brgy. Poblacion, Batangas City, Batangas"
Crime,Cybercrime,"Parang na-scam ako online, may nagpanggap na kakilala ko at humihingi ng pera. Hindi ko sigurado kung ano ang gagawin.",Vicky Navarro,9727778888,2025/04/10 2:26:20,Likod Ng San Sebastian Cathedral,"P. Zamora Street, Brgy. Poblacion, Batangas City, Batangas"
Crime,Cybercrime,Someone accessed my social media account without my permission and changed my password. I think my account got hacked.,William Alcantara,9839990000,2025/04/10 3:41:55,Going to Sm City Batangas,"Diversion Road, Brgy. Balagtas, Batangas City, Batangas"
Crime,Kidnapping,I witnessed a person being forcibly taken into a vehicle against their will. The car sped off quickly.,Xenia Reyes,9052223333,2025/04/10 4:57:30,In Front of the Post Office,"M.H. Del Pilar Street, Brgy. Poblacion, Batangas City, Batangas"
Crime,Kidnapping,Parang may babae na sapilitang isinakay sa isang kotse at umiiyak. Mukhang may nangyaring masama.,Yancy Flores,9164445555,2025/04/10 6:13:05,Malapit Sa Lianas Supermarket,"Agoncillo Road, Brgy. 1, Batangas City, Batangas"
Crime,Kidnapping,"I saw a person being dragged into a van, they were struggling. I think someone was taken against their will.",Zachary Dela Paz,9276667777,2025/04/10 7:28:40,Around the National Museum of the Philippines - Batangas,"Market Avenue, Brgy. Poblacion, Batangas City, Batangas"
Crime,Illegal drug activity,There is a group of individuals openly exchanging small packets of what appears to be drugs. This is happening in a public area.,Amelia Silva,9388889999,2025/04/10 8:44:15,Near Golden Gate Subdivision,"Alabang-Batangas City National Road, Brgy. Kumintang Ilaya, Batangas City, Batangas"
Crime,Illegal drug activity,Mukhang may nagbebenta ng droga dito sa isang tagong lugar sa palengke. May mga kahina-hinalang tao na nagpapalitan ng maliliit na balot.,Benito Cruz,9401112222,2025/04/10 9:59:50,Sa May Palengke,"D. Silang Street, Brgy. Poblacion, Batangas City, Batangas"
Crime,Illegal drug activity,I think I saw some illegal drugs being passed between two people inside a parked car. It looked very suspicious.,Carmela Reyes,9513334444,2025/04/10 11:15:25,Going Towards the General Malvar Hospital,"P. Dandan Street, Brgy. Poblacion, Batangas City, Batangas"
Crime,Illegal gambling,There is a group of people actively engaged in what appears to be an illegal card game. They are betting large sums of money.,Dominador Torres,9625556666,2025/04/10 12:31:00,Near the Old Train Station,"Rizal Avenue Extension, Brgy. Poblacion, Batangas City, Batangas"
Crime,Illegal gambling,May nakita akong mga tao na naglalaro ng ilegal na sugal sa isang bakanteng lote sa likod ng palengke. Mukhang may pera na pinagpapatalunan.,Esperanza Panganiban,9737778888,2025/04/10 13:46:35,Likod Ng Public Market,"D. Silang Street, Brgy. Poblacion, Batangas City, Batangas"
Crime,Illegal gambling,I saw people doing illegal betting on cockfighting in a makeshift area. There were a lot of people involved.,Felix Manalo,9849990000,2025/04/10 15:02:10,Going to Balagtas,"Diversion Road, Brgy. Balagtas, Batangas City, Batangas"
Crime,Illegal possession of firearms,"Someone is openly carrying a firearm in a public place, and it doesn't look like they are authorized. This is causing concern.",Gloria Villanueva,9062223333,2025/04/10 16:17:45,In Front of the Post Office,"M.H. Del Pilar Street, Brgy. Poblacion, Batangas City, Batangas"
Crime,Illegal possession of firearms,May nakita akong isang lalaki na may dalang baril na nakasukbit sa baywang niya. Hindi ko alam kung may lisensya siya.,Harrison Bautista,9174445555,2025/04/10 17:33:20,Malapit Sa Lianas Supermarket,"Sison Street, Brgy. 1, Batangas City, Batangas"
Crime,Illegal possession of firearms,"I saw a person with a gun tucked in their pants, mukhang illegal kasi they were trying to hide it. It seemed suspicious.",Irene Salvador,9286667777,2025/04/10 18:48:55,Around the National Museum of the Philippines - Batangas,"Market Avenue, Brgy. Poblacion, Batangas City, Batangas"
Hazard,Electrical hazard,Power lines are sparking and there is a burning smell.,Ricardo Dela Cruz,9175551234,2025/04/08 8:15:30,Near Batangas Capitol,"P. Burgos Street, Brgy. Poblacion, Batangas City, Batangas"
Hazard,Electrical hazard,May nakitang kuryenteng nagspark at parang may nasusunog.,Maria Santos,9987654321,2025/04/08 9:40:15,Tapat Ng St. Bridget College,"Lacson Boulevard, Brgy. Calicanto, Batangas City, Batangas"
Hazard,Electrical hazard,I saw some wires nag-spark and parang may usok.,Jose Reyes,9221112222,2025/04/08 10:22:48,Malapit Sa Batangas Medical Center,"Ejercito Drive, Brgy. Kumintang Ibaba, Batangas City, Batangas"
Hazard,Road hazard,There is a large pothole in the middle of the road.,Ana Gonzales,9334445555,2025/04/08 11:35:02,In Front of Lyceum of the Philippines University - Batangas,"Castillo Avenue, Brgy. Pila-Kanluran, Batangas City, Batangas"
Hazard,Road hazard,May malaking butas sa gitna ng kalsada.,Benjamin Flores,9456667777,2025/04/08 12:50:59,Beside the Batangas City Hall,"Yulo Road, Brgy. Poblacion, Batangas City, Batangas"
Hazard,Road hazard,"There's a big crack sa road, very dangerous.",Carla Lopez,9567778888,2025/04/08 14:05:33,Banda Robinson's Place Batangas,"Laurel Avenue, Brgy. 7, Batangas City, Batangas"
Hazard,Animal hazard,A stray dog is blocking the street and appears aggressive.,Daniel Cruz,9678889999,2025/04/08 15:20:10,Near the Public Market,"Market Avenue, Brgy. Poblacion, Batangas City, Batangas"
Hazard,Animal hazard,May asong gala na nakaharang sa daan at mukhang galit.,Elena Perez,9789990000,2025/04/08 16:33:45,Likod Ng San Sebastian Cathedral,"P. Zamora Street, Brgy. Poblacion, Batangas City, Batangas"
Hazard,Animal hazard,"There's a cow sa gitna ng road, traffic is building up.",Fernando Reyes,9890001111,2025/04/08 17:48:22,Going to Sm City Batangas,"Diversion Road, Brgy. Balagtas, Batangas City, Batangas"
Hazard,Falling objects,Some debris is falling from a nearby construction site.,Grace Santos,9012223333,2025/04/08 19:02:57,In Front of the Post Office,"Rizal Avenue, Brgy. Poblacion, Batangas City, Batangas"
Hazard,Falling objects,May mga nahuhulog na bagay mula sa isang ginagawang building.,Henry Flores,9123334444,2025/04/08 20:17:31,Malapit Sa Lianas Supermarket,"Rizal Street, Brgy. 1, Batangas City, Batangas"
Hazard,Falling objects,"I saw something falling from the building, could be dangerous.",Isabel Lopez,9234445555,2025/04/08 21:32:05,Around the National Museum of the Philippines - Batangas,"M.H. Del Pilar Street, Brgy. Poblacion, Batangas City, Batangas"
Hazard,Pest infestations,There is a large swarm of insects near our house.,Jayson Cruz,9345556666,2025/04/08 22:46:40,Near Golden Gate Subdivision,"Alabang-Batangas City National Road, Brgy. Kumintang Ilaya, Batangas City, Batangas"
Hazard,Pest infestations,Maraming insekto sa paligid ng bahay namin.,Katrina Perez,9456667777,2025/04/08 23:59:15,Sa May Palengke,"D. Silang Street, Brgy. Poblacion, Batangas City, Batangas"
Hazard,Pest infestations,Ang daming pests dito sa area namin.,Lorenzo Reyes,9567778888,2025/04/09 1:13:50,Going Towards the General Malvar Hospital,"P. Dandan Street, Brgy. Poblacion, Batangas City, Batangas"
Medical Help,Medical emergency,A person collapsed and is unresponsive. They might be having a heart attack.,Teodoro Panganiban,9112223333,2025/04/08 14:00:00,Near Batangas Capitol,"P. Burgos Street, Brgy. Poblacion, Batangas City, Batangas"
Medical Help,Medical emergency,Biglang nahirapan huminga at nawalan ng malay. Kailangan niya ng agarang tulong medikal.,Victoria Aguilar,9964445555,2025/04/08 15:15:35,Tapat Ng St. Bridget College,"Luna Road, Brgy. Calicanto, Batangas City, Batangas"
Medical Help,Medical emergency,"Omg, someone just fell down and parang they're not breathing na. It's like a serious emergency.",Walter Mercado,9236667777,2025/04/08 16:31:10,Malapit Sa Batangas Medical Center,"Magsaysay Drive, Brgy. Kumintang Ibaba, Batangas City, Batangas"
Medical Help,Injury,Someone has a deep cut on their arm and is bleeding heavily. They need first aid.,Xian Castillo,9348889999,2025/04/08 17:46:45,In Front of Lyceum of the Philippines University - Batangas,"Aguinaldo Highway, Brgy. Pila-Kanluran, Batangas City, Batangas"
Medical Help,Injury,Natapilok siya at mukhang nabalian ng paa. Hindi siya makalakad.,Yvette Navarro,9450001111,2025/04/08 19:02:20,Beside the Batangas City Hall,"Mabini Boulevard, Brgy. Poblacion, Batangas City, Batangas"
Medical Help,Injury,"Like, someone just tripped and now they're holding their ankle. I think it's super sprained, you know?",Zoren Dela Cruz,9562223333,2025/04/08 20:17:55,Banda Robinson's Place Batangas,"Bonifacio Street, Brgy. 7, Batangas City, Batangas"
Medical Help,Medical assistance,A senior citizen seems disoriented and needs help finding their way home. They look confused.,Araceli Santiago,9674445555,2025/04/08 21:33:30,Near the Public Market,"Market Avenue, Brgy. Poblacion, Batangas City, Batangas"
Medical Help,Medical assistance,May matandang lalaki na parang naliligaw at nangangailangan ng tulong. Hindi niya alam kung saan siya pupunta.,Benjamin De Guzman,9786667777,2025/04/08 22:49:05,Likod Ng San Sebastian Cathedral,"P. Zamora Street, Brgy. Poblacion, Batangas City, Batangas"
Medical Help,Medical assistance,There's this lola here and feeling ko she needs some help. Parang she's looking for someone.,Carla Rivera,9898889999,2025/04/09 0:04:40,Going to Sm City Batangas,"Diversion Road, Brgy. Balagtas, Batangas City, Batangas"
Natural Disaster,Flood,May baha po na umaabot na sa tuhod ang lalim malapit sa bahay namin. Hindi na po madadaanan ang ilang kalsada dito.,Maria Santos,9171234567,2025/04/08 8:15:00,Near the Alangilan Elementary School,"Purok 3, Brgy. Alangilan, Batangas City, Batangas"
Natural Disaster,Flood,The water level on our street is rising very quickly due to the continuous heavy rain. It's almost knee-deep already and still increasing.,Sofia Lopez,9472233445,2025/04/08 7:00:00,Landmark: Old Mango Tree Near the Creek,"Purok 5, Brgy. Balagtas, Batangas City, Batangas"
Natural Disaster,Flood,May baha na po dito sa area namin near the church. The water is up to our ankles and it's getting deeper pa.,Ben Garcia,9153344556,2025/04/08 8:45:00,Beside the Alangilan Church,"Alangilan Proper, Brgy. Alangilan, Batangas City, Batangas"
Natural Disaster,Storm surge,The sea water has overflowed onto the road near the fish port. The strong waves are making it dangerous for pedestrians and small vehicles.,Nina Salvador,9171122334,2025/04/08 5:20:00,Near the Fish Port,"Del Pilar Road, Brgy. Bayanan, Batangas City, Batangas"
Natural Disaster,Storm surge,Tumaas po bigla ang tubig dagat at pumasok na sa mga kalsada. Binabaha na rin ang ilang mga bahay malapit sa baybayin.,Irma Villanueva,9267890123,2025/04/08 7:10:00,Tabi Ng Lumang Basketball Court,"Quezon Avenue, Brgy. Pagkilatan, Batangas City, Batangas"
Natural Disaster,Storm surge,Ang taas na po ng alon sa shore near the beach resort. People are packing up their things na and leaving the area quickly.,Rachel Lim,9274455667,2025/04/08 9:45:00,Near the Beach Resort,"Zamora Street, Brgy. Mabacong, Batangas City, Batangas"
Natural Disaster,Landslide,A significant portion of the hill behind the old warehouse gave way and completely blocked half of the road. It is currently very dangerous to pass through.,Kevin Rodriguez,9183344556,2025/04/08 6:50:00,Behind the Old Warehouse,"Silang Drive, Brgy. San Isidro, Batangas City, Batangas"
Natural Disaster,Landslide,"Bumigay po ang lupa sa gilid ng kalsada sa likod ng barangay center. May mga bato at putik na nakakalat, delikado po sa mga motorista at pedestrian.",Lourdes Manalo,9151122334,2025/04/08 10:05:00,Likod Ng Barangay Center,"Malvar Road, Brgy. Kumintang Ilaya, Batangas City, Batangas"
Natural Disaster,Landslide,"May landslide po sa gilid ng daan near the bypass road. Mud and big rocks are blocking the road, so cars can't pass through.",Joshua De Vera,9243345566,2025/04/08 10:45:00,Near the Slope Along the Bypass Road,"Paterno Avenue, Brgy. Pallocan West, Batangas City, Batangas"
Natural Disaster,Earthquake,The ground shook violently for what felt like a long few seconds near the public market. Many people rushed out of their homes and establishments in panic.,Ana Delacruz,9170001111,2025/04/08 8:15:00,Near the Public Market,"P. Burgos Street, Brgy. Kumintang Ilaya, Batangas City, Batangas"
Natural Disaster,Earthquake,Lumindol po nang malakas dito sa amin malapit sa elementary school. Naglabasan ang mga tao sa kanilang bahay dahil sa takot.,Jenny Rosales,9190003333,2025/04/08 10:17:00,Beside the Elementary School,"Roxas Street, Brgy. Pallocan West, Batangas City, Batangas"
Natural Disaster,Earthquake,"Lumindol po kanina, it was quite strong near the waiting shed. Everything was shaking for a bit and some small items fell.",Carla Mendoza,9210005555,2025/04/08 12:19:00,Malapit Sa Waiting Shed,"Aquino Drive, Brgy. Bayanan, Batangas City, Batangas"
Natural Disaster,Volcanic activities,There is a significant amount of smoke and steam coming from the direction of the volcano. The sky is starting to turn a noticeable shade of gray.,Ana Delacruz,9170001111,2025/04/08 8:15:00,Near the Public Market,"P. Burgos Street, Brgy. Kumintang Ilaya, Batangas City, Batangas"
Natural Disaster,Volcanic activities,May naririnig kaming malakas na ugong mula sa bulkan at may abo na pong bumabagsak dito sa lugar namin.,Leo Francisco,9200004444,2025/04/08 11:18:00,Tabi Ng Palengke,"Ramos Avenue, Brgy. Malitam, Batangas City, Batangas"
Natural Disaster,Volcanic activities,"May ashfall po dito malapit sa waiting shed. The air smells kind of weird, like sulfur yata.",Carla Mendoza,9210005555,2025/04/08 12:19:00,Malapit Sa Waiting Shed,"Diokno Street, Brgy. Bayanan, Batangas City, Batangas"
Natural Disaster,Tsunami,The water along the shore near the public market has suddenly and drastically receded. People in the area are starting to evacuate immediately.,Ana Delacruz,9170001111,2025/04/08 8:15:00,Near the Public Market,"P. Burgos Street, Brgy. Kumintang Ilaya, Batangas City, Batangas"
Natural Disaster,Tsunami,Bumaba bigla ang tubig sa dagat malapit sa elementary school. Mabilis na pong nagsilikas ang mga residente sa mga mas mataas na lugar.,Jenny Rosales,9190003333,2025/04/08 10:17:00,Beside the Elementary School,"Kalaw Road, Brgy. Pallocan West, Batangas City, Batangas"
Natural Disaster,Tsunami,Nawala po bigla yung tubig sa tabing-dagat near the waiting shed. People got really scared and are moving to higher ground na.,Carla Mendoza,9210005555,2025/04/08 12:19:00,Malapit Sa Waiting Shed,"Lorenzo Drive, Brgy. Bayanan, Batangas City, Batangas"
Other,Missing person,My child has been missing for several hours. We last saw them playing outside.,Danilo Cruz,9123456789,2025/04/09 1:20:00,Near Bpi Batangas Poblacion,"P. Burgos Street, Brgy. Poblacion, Batangas City, Batangas"
Other,Missing person,"Hindi ko po makita ang kapatid ko, kanina pa siya nawawala. Nag-aalala na po kami.",Emily Santos,9956789012,2025/04/09 2:35:35,Tapat Ng Batangas City National High School,"Jacinto Street, Brgy. Calicanto, Batangas City, Batangas"
Other,Missing person,"I can't find my lolo, he went out earlier and like, hindi pa siya bumabalik. We're so worried na.",Fernando Reyes,9268024680,2025/04/09 3:51:10,Malapit Sa St. Jude Parish Church,"Ilagan Avenue, Brgy. Kumintang Ibaba, Batangas City, Batangas"
Other,Power/ water outage,"There is a power outage in our area. Also, we have no running water.",Gina Flores,9370135791,2025/04/09 5:06:45,In Front of Batangas Medical Center,"Agoncillo Road, Brgy. Pila-Kanluran, Batangas City, Batangas"
Other,Power/ water outage,Kanina pa pong walang kuryente at tubig dito sa amin. Kailan kaya ito babalik?,Henry Lopez,9482468024,2025/04/09 6:22:20,Beside Landbank Batangas City,"Sison Street, Brgy. Poblacion, Batangas City, Batangas"
Other,Power/ water outage,"Hello, we have no electricity and parang the water supply is cut off din. It's been going on for hours na.",Ismael Cruz,9594703691,2025/04/09 7:37:55,Banda Ng Robinson's Place Batangas,"Lacson Boulevard, Brgy. 7, Batangas City, Batangas"
Other,Noise complaint,There is extremely loud music coming from a nearby house. It's disturbing the peace.,Juliana Perez,9606912345,2025/04/09 8:53:30,Near the Old Train Station,"Market Avenue, Brgy. Poblacion, Batangas City, Batangas"
Other,Noise complaint,"Sobrang ingay po ng kapitbahay namin, ang lakas-lakas ng kanilang karaoke. Hindi po kami makatulog.",Karlos Reyes,9718259147,2025/04/09 10:09:05,Likod Ng Public Market,"D. Silang Street, Brgy. Poblacion, Batangas City, Batangas"
Other,Noise complaint,"Excuse me, but the sounds from next door are super loud, like a party yata. Can you do something about it?",Lorna Santos,9820586479,2025/04/09 11:24:40,Going to Balagtas,"Diversion Road, Brgy. Balagtas, Batangas City, Batangas"
Other,Suspicious activity,I saw a group of people acting suspiciously near a parked vehicle. They seemed to be looking around nervously.,Manuel Flores,9032817465,2025/04/09 12:40:15,Near the Police Station,"Ejercito Drive, Brgy. Kumintang Ibaba, Batangas City, Batangas"
Other,Suspicious activity,May mga kahina-hinalang tao na nakatambay malapit sa eskwelahan. Parang may binabalak silang masama.,Nancy Cruz,9145092378,2025/04/09 13:55:50,Malapit Sa General Malvar Hospital,"P. Dandan Street, Brgy. Poblacion, Batangas City, Batangas"
Other,Suspicious activity,"There are some guys here and they're acting really weird, parang they're checking out the houses. It's kinda creepy.",Oscar Panganiban,9257369014,2025/04/09 15:11:25,Around Batangas Port,"Castillo Avenue, Brgy. Calicanto, Batangas City, Batangas"
Other,Scam,I received a text message asking for my bank details. It seems like a scam.,Princess Reyes,9369601237,2025/04/09 16:27:00,Near Golden Gate Subdivision,"Alabang-Batangas City National Road, Brgy. Kumintang Ilaya, Batangas City, Batangas"
Other,Scam,May tumawag po sa akin na nagpapanggap na pulis at humihingi ng pera. Mukhang scam ito.,Quentin Santos,9471934560,2025/04/09 17:42:35,Sa May Palengke,"D. Silang Street, Brgy. Poblacion, Batangas City, Batangas"
Other,Scam,"Someone messaged me on facebook saying I won something, but they're asking for a fee. I think it's a total scam.",Rachel Flores,9583267890,2025/04/09 18:58:10,Going Towards General Malvar Hospital,"P. Dandan Street, Brgy. Poblacion, Batangas City, Batangas"
Other,Other,There is a large tree branch that fell and is blocking part of the road.,Salvador Lopez,9695401238,2025/04/09 20:13:45,Near the Old Train Station,"Rizal Avenue Extension, Brgy. Poblacion, Batangas City, Batangas"
Other,Other,"May malaking bato na nakaharang sa daan, delikado po ito.",Teresa Cruz,9707634561,2025/04/09 21:29:20,Likod Ng Public Market,"D. Silang Street, Brgy. Poblacion, Batangas City, Batangas"
Other,Other,"There's like, a really big puddle sa street and cars are having a hard time passing. It's causing traffic na.",Ulysses Panganiban,9819867892,2025/04/09 22:44:55,Going to Balagtas,"Diversion Road, Brgy. Balagtas, Batangas City, Batangas"
Man-made Incident,Fire,Fire incident reported! Thick Black smoke is billowing from a residential house located near the batangas city library. Firefighters are needed immediately to prevent it from spreading.,Helen Luna,9478899001,2025/04/09 15:05:00,Near the Batangas City Library,"P. Burgos Street, Brgy. Poblacion, Batangas City, Batangas"
Man-made Incident,Fire,Nasusunog po yung isang commercial building malapit sa batangas city coliseum! Malaki Ang apoy at kumakalat na sa katabing mga establisyimento.,Jenny Nieto,9180011223,2025/04/09 15:15:00,Near the Batangas City Coliseum,"Yulo Road, Brgy. Calicanto, Batangas City, Batangas"
Man-made Incident,Fire,May sunog daw sa isang store near st. Bridget school. I can see thick smoke and parang the flames are getting bigger na. Need fire trucks now!,Ian Mercado,9159900112,2025/04/09 15:10:00,Near the St. Bridget School,"Laurel Avenue, Brgy. Kumintang Ibaba, Batangas City, Batangas"
Man-made Incident,Explosion,May sumabog dito sa may port area! Malakas Ang tunog at may nakita kaming usok na itim. Hindi namin alam kung ano ang sanhi.,Larry Pineda,9232233445,2025/05/11 10:30:00,Batangas City Port Area,"Access Road, Brgy. Sta. Clara, Batangas City, Batangas"
Man-made Incident,Explosion,Reporting a possible explosion at a warehouse complex in brgy. Bolbok. I heard a very loud bang and then saw a large plume of smoke rising from the area.,Patrick Tan,9986677889,2025/05/11 10:50:00,Warehouse Compound,"Rizal Street, Brgy. Bolbok, Batangas City, Batangas"
Man-made Incident,Explosion,Big explosion heard near the public market! The Ground shook a bit and parang may debris flying around. Nakakatakot!,Nestor Roces,9174455667,2025/05/11 10:40:00,Near the Batangas City Public Market,"D. Silang Street, Brgy. Poblacion, Batangas City, Batangas"
Man-made Incident,Chemical or oil spill,May naamoy kaming masangsang na kemikal dito malapit sa shell refinery. Parang may tumagas na nakakahalong langis galing sa planta.,Queenie Uriarte,9227788990,2025/06/18 9:00:00,Near Shell Refinery,"Luna Road, Brgy. Tabangao, Batangas City, Batangas"
Man-made Incident,Chemical or oil spill,Reporting a strong and irritating chemical odor near the port terminal in batangas port. Some people in the vicinity are complaining of dizziness and nausea.,Ursula Beltran,9181122334,2025/06/18 10:00:00,Port Terminal,"Batangas Port, Brgy. Sta. Clara, Batangas City, Batangas"
Man-made Incident,Chemical or oil spill,Nakakita kami ng truck na parang may tinatapon na oily substance sa kanal dito near the calicanto bridge. I think it's a chemical or oil spill ata to.,Susan Yap,9479900112,2025/06/18 9:30:00,Near the Calicanto Bridge,"Magsaysay Drive, Brgy. Calicanto, Batangas City, Batangas"
Man-made Incident,Terrorism,"Suspicious package left unattended at plaza mabini. It looks like a potential bomb threat, and the area needs to be secured immediately. Police are urgently needed.",Victor Chong,9992233445,2025/07/25 20:00:00,Plaza Mabini,"Plaza Mabini, Brgy. Poblacion, Batangas City, Batangas"
Man-made Incident,Terrorism,May kahina-hinalang bag na iniwan sa tapat mismo ng batangas capitol building tapos tumakbo yung nag-iwan! Baka Po bomba ito!,Wendy Dee,9233344556,2025/07/25 20:15:00,Batangas Capitol Building,"Capitol Site, Brgy. Kumintang Ilaya, Batangas City, Batangas"
Man-made Incident,Terrorism,"May report na may suspicious individuals daw inside batangas state university, kinakabahan ang lahat! Please Send police assistance urgently!",Jeff Tan,9129876512,2025/04/01 21:30:00,Batangas State University,"Aguinaldo Highway, Brgy. Bolbok, Batangas City, Batangas"